{
  "title": "5e-Sheet Resources Plus",
  "description": "A module that allows you to add more resources to character sheets",
  "url": "https://github.com/jrleavey/5eResourcesPlus-Updated/tree/master",
  "version": "1.10.1",
  "esmodules": [
    "addresources.js"
  ],
  "styles": [
    "css/resources-plus.css",
    "compat/tidy5eSheetCompat.css"
  ],
  "languages": [
    {
      "lang": "en",
      "name": "English",
      "path": "lang/en.json",
      "flags": {}
    },
    {
      "lang": "pt-BR",
      "name": "Portugu\u00eas do Brasil",
      "path": "lang/pt-BR.json",
      "flags": {}
    },
    {
      "lang": "es-ES",
      "name": "Castellano",
      "path": "lang/es-ES.json",
      "flags": {}
    }
  ],
  "socket": true,
  "manifest": "https://github.com/jrleavey/5eResourcesPlus-Updated/raw/master/module.json",
  "download": "https://github.com/jrleavey/5eResourcesPlus-Updated/releases/latest/download/resources-plus.zip",
  "id": "resourcesplus",
  "compatibility": {
    "minimum": "10",
    "verified": "11"
  },
  "relationships": {
    "requires": [
      {
        "id": "lib-wrapper",
        "type": "module",
        "compatibility": {}
      }
    ],
    "systems": [
      {
        "id": "dnd5e",
        "type": "system",
        "compatibility": {
          "minimum": "2.2.1"
        }
      },
      {
        "id": "sw5e",
        "type": "system",
        "manifest": "https://raw.githubusercontent.com/sw5e-foundry/sw5e/master/static/system.json",
        "compatibility": {
          "minimum": "2.2.2.2.5.0"
        }
      }
    ]
  },
  "authors": [
    {
      "name": "ardittristan",
      "discord": "ardittristan"
    }
  ]
}